size,dimension,correlation,noise_std,sample_size,epochs,Average,AIC
500,20,-1,0.2,100,100,0.99924,-34.03736
500,20,-0.5,0.2,100,100,0.99861,-31.38833
500,20,-0.2,0.2,100,100,0.99779,-29.45754
500,20,0,0.2,100,100,0.99679,-28.42249
500,20,0.2,0.2,100,100,0.99503,-27.75247
500,20,0.5,0.2,100,100,0.98914,-27.45885
500,20,1,0.2,100,100,0.98707,-45.28588
