size,dimension,correlation,noise_std,",K-value",shuffled,Average,AIC
100,20,0,0.5,5,True,0.99055,325.88227
200,20,0,0.5,5,True,0.987,304.20335
400,20,0,0.5,5,True,0.97604,576.16542
600,20,0,0.5,5,True,0.98099,753.65466
800,20,0,0.5,5,True,0.98664,940.41912
1000,20,0,0.5,5,True,0.98123,1283.88961
1200,20,0,0.5,5,True,0.98824,1389.68987
1400,20,0,0.5,5,True,0.98447,1642.38338
1600,20,0,0.5,5,True,0.98977,1849.34666
1800,20,0,0.5,5,True,0.98749,2073.95065
2000,20,0,0.5,5,True,0.99003,2399.02033
